--
-- PostgreSQL database dump
--

-- Dumped from database version 14.18 (Homebrew)
-- Dumped by pg_dump version 14.18 (Homebrew)

SET statement_timeout = 0;
SET lock_timeout = 0;
SET idle_in_transaction_session_timeout = 0;
SET client_encoding = 'UTF8';
SET standard_conforming_strings = on;
SELECT pg_catalog.set_config('search_path', '', false);
SET check_function_bodies = false;
SET xmloption = content;
SET client_min_messages = warning;
SET row_security = off;

SET default_tablespace = '';

SET default_table_access_method = heap;

--
-- Name: auth_group; Type: TABLE; Schema: public; Owner: mlinterviews
--

CREATE TABLE public.auth_group (
    id integer NOT NULL,
    name character varying(150) NOT NULL
);


ALTER TABLE public.auth_group OWNER TO mlinterviews;

--
-- Name: auth_group_id_seq; Type: SEQUENCE; Schema: public; Owner: mlinterviews
--

ALTER TABLE public.auth_group ALTER COLUMN id ADD GENERATED BY DEFAULT AS IDENTITY (
    SEQUENCE NAME public.auth_group_id_seq
    START WITH 1
    INCREMENT BY 1
    NO MINVALUE
    NO MAXVALUE
    CACHE 1
);


--
-- Name: auth_group_permissions; Type: TABLE; Schema: public; Owner: mlinterviews
--

CREATE TABLE public.auth_group_permissions (
    id bigint NOT NULL,
    group_id integer NOT NULL,
    permission_id integer NOT NULL
);


ALTER TABLE public.auth_group_permissions OWNER TO mlinterviews;

--
-- Name: auth_group_permissions_id_seq; Type: SEQUENCE; Schema: public; Owner: mlinterviews
--

ALTER TABLE public.auth_group_permissions ALTER COLUMN id ADD GENERATED BY DEFAULT AS IDENTITY (
    SEQUENCE NAME public.auth_group_permissions_id_seq
    START WITH 1
    INCREMENT BY 1
    NO MINVALUE
    NO MAXVALUE
    CACHE 1
);


--
-- Name: auth_permission; Type: TABLE; Schema: public; Owner: mlinterviews
--

CREATE TABLE public.auth_permission (
    id integer NOT NULL,
    name character varying(255) NOT NULL,
    content_type_id integer NOT NULL,
    codename character varying(100) NOT NULL
);


ALTER TABLE public.auth_permission OWNER TO mlinterviews;

--
-- Name: auth_permission_id_seq; Type: SEQUENCE; Schema: public; Owner: mlinterviews
--

ALTER TABLE public.auth_permission ALTER COLUMN id ADD GENERATED BY DEFAULT AS IDENTITY (
    SEQUENCE NAME public.auth_permission_id_seq
    START WITH 1
    INCREMENT BY 1
    NO MINVALUE
    NO MAXVALUE
    CACHE 1
);


--
-- Name: auth_user; Type: TABLE; Schema: public; Owner: mlinterviews
--

CREATE TABLE public.auth_user (
    id integer NOT NULL,
    password character varying(128) NOT NULL,
    last_login timestamp with time zone,
    is_superuser boolean NOT NULL,
    username character varying(150) NOT NULL,
    first_name character varying(150) NOT NULL,
    last_name character varying(150) NOT NULL,
    email character varying(254) NOT NULL,
    is_staff boolean NOT NULL,
    is_active boolean NOT NULL,
    date_joined timestamp with time zone NOT NULL
);


ALTER TABLE public.auth_user OWNER TO mlinterviews;

--
-- Name: auth_user_groups; Type: TABLE; Schema: public; Owner: mlinterviews
--

CREATE TABLE public.auth_user_groups (
    id bigint NOT NULL,
    user_id integer NOT NULL,
    group_id integer NOT NULL
);


ALTER TABLE public.auth_user_groups OWNER TO mlinterviews;

--
-- Name: auth_user_groups_id_seq; Type: SEQUENCE; Schema: public; Owner: mlinterviews
--

ALTER TABLE public.auth_user_groups ALTER COLUMN id ADD GENERATED BY DEFAULT AS IDENTITY (
    SEQUENCE NAME public.auth_user_groups_id_seq
    START WITH 1
    INCREMENT BY 1
    NO MINVALUE
    NO MAXVALUE
    CACHE 1
);


--
-- Name: auth_user_id_seq; Type: SEQUENCE; Schema: public; Owner: mlinterviews
--

ALTER TABLE public.auth_user ALTER COLUMN id ADD GENERATED BY DEFAULT AS IDENTITY (
    SEQUENCE NAME public.auth_user_id_seq
    START WITH 1
    INCREMENT BY 1
    NO MINVALUE
    NO MAXVALUE
    CACHE 1
);


--
-- Name: auth_user_user_permissions; Type: TABLE; Schema: public; Owner: mlinterviews
--

CREATE TABLE public.auth_user_user_permissions (
    id bigint NOT NULL,
    user_id integer NOT NULL,
    permission_id integer NOT NULL
);


ALTER TABLE public.auth_user_user_permissions OWNER TO mlinterviews;

--
-- Name: auth_user_user_permissions_id_seq; Type: SEQUENCE; Schema: public; Owner: mlinterviews
--

ALTER TABLE public.auth_user_user_permissions ALTER COLUMN id ADD GENERATED BY DEFAULT AS IDENTITY (
    SEQUENCE NAME public.auth_user_user_permissions_id_seq
    START WITH 1
    INCREMENT BY 1
    NO MINVALUE
    NO MAXVALUE
    CACHE 1
);


--
-- Name: django_admin_log; Type: TABLE; Schema: public; Owner: mlinterviews
--

CREATE TABLE public.django_admin_log (
    id integer NOT NULL,
    action_time timestamp with time zone NOT NULL,
    object_id text,
    object_repr character varying(200) NOT NULL,
    action_flag smallint NOT NULL,
    change_message text NOT NULL,
    content_type_id integer,
    user_id integer NOT NULL,
    CONSTRAINT django_admin_log_action_flag_check CHECK ((action_flag >= 0))
);


ALTER TABLE public.django_admin_log OWNER TO mlinterviews;

--
-- Name: django_admin_log_id_seq; Type: SEQUENCE; Schema: public; Owner: mlinterviews
--

ALTER TABLE public.django_admin_log ALTER COLUMN id ADD GENERATED BY DEFAULT AS IDENTITY (
    SEQUENCE NAME public.django_admin_log_id_seq
    START WITH 1
    INCREMENT BY 1
    NO MINVALUE
    NO MAXVALUE
    CACHE 1
);


--
-- Name: django_content_type; Type: TABLE; Schema: public; Owner: mlinterviews
--

CREATE TABLE public.django_content_type (
    id integer NOT NULL,
    app_label character varying(100) NOT NULL,
    model character varying(100) NOT NULL
);


ALTER TABLE public.django_content_type OWNER TO mlinterviews;

--
-- Name: django_content_type_id_seq; Type: SEQUENCE; Schema: public; Owner: mlinterviews
--

ALTER TABLE public.django_content_type ALTER COLUMN id ADD GENERATED BY DEFAULT AS IDENTITY (
    SEQUENCE NAME public.django_content_type_id_seq
    START WITH 1
    INCREMENT BY 1
    NO MINVALUE
    NO MAXVALUE
    CACHE 1
);


--
-- Name: django_migrations; Type: TABLE; Schema: public; Owner: mlinterviews
--

CREATE TABLE public.django_migrations (
    id bigint NOT NULL,
    app character varying(255) NOT NULL,
    name character varying(255) NOT NULL,
    applied timestamp with time zone NOT NULL
);


ALTER TABLE public.django_migrations OWNER TO mlinterviews;

--
-- Name: django_migrations_id_seq; Type: SEQUENCE; Schema: public; Owner: mlinterviews
--

ALTER TABLE public.django_migrations ALTER COLUMN id ADD GENERATED BY DEFAULT AS IDENTITY (
    SEQUENCE NAME public.django_migrations_id_seq
    START WITH 1
    INCREMENT BY 1
    NO MINVALUE
    NO MAXVALUE
    CACHE 1
);


--
-- Name: django_session; Type: TABLE; Schema: public; Owner: mlinterviews
--

CREATE TABLE public.django_session (
    session_key character varying(40) NOT NULL,
    session_data text NOT NULL,
    expire_date timestamp with time zone NOT NULL
);


ALTER TABLE public.django_session OWNER TO mlinterviews;

--
-- Name: ml_deep_dives_category; Type: TABLE; Schema: public; Owner: mlinterviews
--

CREATE TABLE public.ml_deep_dives_category (
    id bigint NOT NULL,
    name character varying(100) NOT NULL,
    slug character varying(100) NOT NULL,
    description text NOT NULL,
    icon character varying(50) NOT NULL,
    "order" integer NOT NULL,
    created_at timestamp with time zone NOT NULL,
    updated_at timestamp with time zone NOT NULL
);


ALTER TABLE public.ml_deep_dives_category OWNER TO mlinterviews;

--
-- Name: ml_deep_dives_category_id_seq; Type: SEQUENCE; Schema: public; Owner: mlinterviews
--

ALTER TABLE public.ml_deep_dives_category ALTER COLUMN id ADD GENERATED BY DEFAULT AS IDENTITY (
    SEQUENCE NAME public.ml_deep_dives_category_id_seq
    START WITH 1
    INCREMENT BY 1
    NO MINVALUE
    NO MAXVALUE
    CACHE 1
);


--
-- Name: ml_deep_dives_topic; Type: TABLE; Schema: public; Owner: mlinterviews
--

CREATE TABLE public.ml_deep_dives_topic (
    id bigint NOT NULL,
    title character varying(200) NOT NULL,
    slug character varying(200) NOT NULL,
    content text NOT NULL,
    summary text NOT NULL,
    difficulty character varying(20) NOT NULL,
    tags character varying(500) NOT NULL,
    "order" integer NOT NULL,
    is_published boolean NOT NULL,
    created_at timestamp with time zone NOT NULL,
    updated_at timestamp with time zone NOT NULL,
    category_id bigint NOT NULL
);


ALTER TABLE public.ml_deep_dives_topic OWNER TO mlinterviews;

--
-- Name: ml_deep_dives_topic_id_seq; Type: SEQUENCE; Schema: public; Owner: mlinterviews
--

ALTER TABLE public.ml_deep_dives_topic ALTER COLUMN id ADD GENERATED BY DEFAULT AS IDENTITY (
    SEQUENCE NAME public.ml_deep_dives_topic_id_seq
    START WITH 1
    INCREMENT BY 1
    NO MINVALUE
    NO MAXVALUE
    CACHE 1
);


--
-- Name: question_answer_question; Type: TABLE; Schema: public; Owner: mlinterviews
--

CREATE TABLE public.question_answer_question (
    id bigint NOT NULL,
    question_text text NOT NULL,
    slug character varying(200) NOT NULL,
    answer text NOT NULL,
    explanation text NOT NULL,
    code_example text NOT NULL,
    difficulty character varying(20) NOT NULL,
    question_type character varying(20) NOT NULL,
    tags character varying(500) NOT NULL,
    "order" integer NOT NULL,
    is_published boolean NOT NULL,
    created_at timestamp with time zone NOT NULL,
    updated_at timestamp with time zone NOT NULL,
    category_id bigint NOT NULL
);


ALTER TABLE public.question_answer_question OWNER TO mlinterviews;

--
-- Name: question_answer_question_id_seq; Type: SEQUENCE; Schema: public; Owner: mlinterviews
--

ALTER TABLE public.question_answer_question ALTER COLUMN id ADD GENERATED BY DEFAULT AS IDENTITY (
    SEQUENCE NAME public.question_answer_question_id_seq
    START WITH 1
    INCREMENT BY 1
    NO MINVALUE
    NO MAXVALUE
    CACHE 1
);


--
-- Name: question_answer_questioncategory; Type: TABLE; Schema: public; Owner: mlinterviews
--

CREATE TABLE public.question_answer_questioncategory (
    id bigint NOT NULL,
    name character varying(100) NOT NULL,
    slug character varying(100) NOT NULL,
    description text NOT NULL,
    icon character varying(50) NOT NULL,
    "order" integer NOT NULL,
    created_at timestamp with time zone NOT NULL,
    updated_at timestamp with time zone NOT NULL
);


ALTER TABLE public.question_answer_questioncategory OWNER TO mlinterviews;

--
-- Name: question_answer_questioncategory_id_seq; Type: SEQUENCE; Schema: public; Owner: mlinterviews
--

ALTER TABLE public.question_answer_questioncategory ALTER COLUMN id ADD GENERATED BY DEFAULT AS IDENTITY (
    SEQUENCE NAME public.question_answer_questioncategory_id_seq
    START WITH 1
    INCREMENT BY 1
    NO MINVALUE
    NO MAXVALUE
    CACHE 1
);


--
-- Name: system_design_systemdesign; Type: TABLE; Schema: public; Owner: mlinterviews
--

CREATE TABLE public.system_design_systemdesign (
    id bigint NOT NULL,
    title character varying(200) NOT NULL,
    slug character varying(200) NOT NULL,
    problem_statement text NOT NULL,
    solution_overview text NOT NULL,
    architecture_diagram character varying(100),
    key_components text NOT NULL,
    scalability_considerations text NOT NULL,
    trade_offs text NOT NULL,
    difficulty character varying(20) NOT NULL,
    tags character varying(500) NOT NULL,
    "order" integer NOT NULL,
    is_published boolean NOT NULL,
    created_at timestamp with time zone NOT NULL,
    updated_at timestamp with time zone NOT NULL,
    category_id bigint NOT NULL
);


ALTER TABLE public.system_design_systemdesign OWNER TO mlinterviews;

--
-- Name: system_design_systemdesign_id_seq; Type: SEQUENCE; Schema: public; Owner: mlinterviews
--

ALTER TABLE public.system_design_systemdesign ALTER COLUMN id ADD GENERATED BY DEFAULT AS IDENTITY (
    SEQUENCE NAME public.system_design_systemdesign_id_seq
    START WITH 1
    INCREMENT BY 1
    NO MINVALUE
    NO MAXVALUE
    CACHE 1
);


--
-- Name: system_design_systemdesigncategory; Type: TABLE; Schema: public; Owner: mlinterviews
--

CREATE TABLE public.system_design_systemdesigncategory (
    id bigint NOT NULL,
    name character varying(100) NOT NULL,
    slug character varying(100) NOT NULL,
    description text NOT NULL,
    icon character varying(50) NOT NULL,
    "order" integer NOT NULL,
    created_at timestamp with time zone NOT NULL,
    updated_at timestamp with time zone NOT NULL
);


ALTER TABLE public.system_design_systemdesigncategory OWNER TO mlinterviews;

--
-- Name: system_design_systemdesigncategory_id_seq; Type: SEQUENCE; Schema: public; Owner: mlinterviews
--

ALTER TABLE public.system_design_systemdesigncategory ALTER COLUMN id ADD GENERATED BY DEFAULT AS IDENTITY (
    SEQUENCE NAME public.system_design_systemdesigncategory_id_seq
    START WITH 1
    INCREMENT BY 1
    NO MINVALUE
    NO MAXVALUE
    CACHE 1
);


--
-- Data for Name: auth_group; Type: TABLE DATA; Schema: public; Owner: mlinterviews
--

COPY public.auth_group (id, name) FROM stdin;
\.


--
-- Data for Name: auth_group_permissions; Type: TABLE DATA; Schema: public; Owner: mlinterviews
--

COPY public.auth_group_permissions (id, group_id, permission_id) FROM stdin;
\.


--
-- Data for Name: auth_permission; Type: TABLE DATA; Schema: public; Owner: mlinterviews
--

COPY public.auth_permission (id, name, content_type_id, codename) FROM stdin;
1	Can add log entry	1	add_logentry
2	Can change log entry	1	change_logentry
3	Can delete log entry	1	delete_logentry
4	Can view log entry	1	view_logentry
5	Can add permission	2	add_permission
6	Can change permission	2	change_permission
7	Can delete permission	2	delete_permission
8	Can view permission	2	view_permission
9	Can add group	3	add_group
10	Can change group	3	change_group
11	Can delete group	3	delete_group
12	Can view group	3	view_group
13	Can add user	4	add_user
14	Can change user	4	change_user
15	Can delete user	4	delete_user
16	Can view user	4	view_user
17	Can add content type	5	add_contenttype
18	Can change content type	5	change_contenttype
19	Can delete content type	5	delete_contenttype
20	Can view content type	5	view_contenttype
21	Can add session	6	add_session
22	Can change session	6	change_session
23	Can delete session	6	delete_session
24	Can view session	6	view_session
25	Can add category	7	add_category
26	Can change category	7	change_category
27	Can delete category	7	delete_category
28	Can view category	7	view_category
29	Can add topic	8	add_topic
30	Can change topic	8	change_topic
31	Can delete topic	8	delete_topic
32	Can view topic	8	view_topic
33	Can add system design category	9	add_systemdesigncategory
34	Can change system design category	9	change_systemdesigncategory
35	Can delete system design category	9	delete_systemdesigncategory
36	Can view system design category	9	view_systemdesigncategory
37	Can add system design	10	add_systemdesign
38	Can change system design	10	change_systemdesign
39	Can delete system design	10	delete_systemdesign
40	Can view system design	10	view_systemdesign
41	Can add question category	11	add_questioncategory
42	Can change question category	11	change_questioncategory
43	Can delete question category	11	delete_questioncategory
44	Can view question category	11	view_questioncategory
45	Can add question	12	add_question
46	Can change question	12	change_question
47	Can delete question	12	delete_question
48	Can view question	12	view_question
\.


--
-- Data for Name: auth_user; Type: TABLE DATA; Schema: public; Owner: mlinterviews
--

COPY public.auth_user (id, password, last_login, is_superuser, username, first_name, last_name, email, is_staff, is_active, date_joined) FROM stdin;
1	pbkdf2_sha256$1000000$JG8SwXmYxjwVrv2vkWLu1q$qceHcWxzMrWBTXqcSCLV1+b9ETl/k0Py2e5GGxLQcI0=	\N	t	superuser			superuser@gmail.com	t	t	2025-06-20 18:11:35.481093-04
\.


--
-- Data for Name: auth_user_groups; Type: TABLE DATA; Schema: public; Owner: mlinterviews
--

COPY public.auth_user_groups (id, user_id, group_id) FROM stdin;
\.


--
-- Data for Name: auth_user_user_permissions; Type: TABLE DATA; Schema: public; Owner: mlinterviews
--

COPY public.auth_user_user_permissions (id, user_id, permission_id) FROM stdin;
\.


--
-- Data for Name: django_admin_log; Type: TABLE DATA; Schema: public; Owner: mlinterviews
--

COPY public.django_admin_log (id, action_time, object_id, object_repr, action_flag, change_message, content_type_id, user_id) FROM stdin;
\.


--
-- Data for Name: django_content_type; Type: TABLE DATA; Schema: public; Owner: mlinterviews
--

COPY public.django_content_type (id, app_label, model) FROM stdin;
1	admin	logentry
2	auth	permission
3	auth	group
4	auth	user
5	contenttypes	contenttype
6	sessions	session
7	ml_deep_dives	category
8	ml_deep_dives	topic
9	system_design	systemdesigncategory
10	system_design	systemdesign
11	question_answer	questioncategory
12	question_answer	question
\.


--
-- Data for Name: django_migrations; Type: TABLE DATA; Schema: public; Owner: mlinterviews
--

COPY public.django_migrations (id, app, name, applied) FROM stdin;
1	contenttypes	0001_initial	2025-06-20 18:11:01.341577-04
2	auth	0001_initial	2025-06-20 18:11:01.387216-04
3	admin	0001_initial	2025-06-20 18:11:01.401024-04
4	admin	0002_logentry_remove_auto_add	2025-06-20 18:11:01.405602-04
5	admin	0003_logentry_add_action_flag_choices	2025-06-20 18:11:01.4097-04
6	contenttypes	0002_remove_content_type_name	2025-06-20 18:11:01.419371-04
7	auth	0002_alter_permission_name_max_length	2025-06-20 18:11:01.423498-04
8	auth	0003_alter_user_email_max_length	2025-06-20 18:11:01.427505-04
9	auth	0004_alter_user_username_opts	2025-06-20 18:11:01.431805-04
10	auth	0005_alter_user_last_login_null	2025-06-20 18:11:01.435642-04
11	auth	0006_require_contenttypes_0002	2025-06-20 18:11:01.436705-04
12	auth	0007_alter_validators_add_error_messages	2025-06-20 18:11:01.440759-04
13	auth	0008_alter_user_username_max_length	2025-06-20 18:11:01.449966-04
14	auth	0009_alter_user_last_name_max_length	2025-06-20 18:11:01.454368-04
15	auth	0010_alter_group_name_max_length	2025-06-20 18:11:01.462277-04
16	auth	0011_update_proxy_permissions	2025-06-20 18:11:01.467858-04
17	auth	0012_alter_user_first_name_max_length	2025-06-20 18:11:01.472066-04
18	ml_deep_dives	0001_initial	2025-06-20 18:11:01.493091-04
19	question_answer	0001_initial	2025-06-20 18:11:01.513621-04
20	sessions	0001_initial	2025-06-20 18:11:01.521909-04
21	system_design	0001_initial	2025-06-20 18:11:01.541217-04
\.


--
-- Data for Name: django_session; Type: TABLE DATA; Schema: public; Owner: mlinterviews
--

COPY public.django_session (session_key, session_data, expire_date) FROM stdin;
\.


--
-- Data for Name: ml_deep_dives_category; Type: TABLE DATA; Schema: public; Owner: mlinterviews
--

COPY public.ml_deep_dives_category (id, name, slug, description, icon, "order", created_at, updated_at) FROM stdin;
6	Math for ML	math	Mathematical foundations essential for Machine Learning including linear algebra, calculus, probability, and optimization.	fas fa-calculator	1	2025-06-20 18:37:00.815961-04	2025-06-20 18:37:00.815974-04
7	Libraries for ML	libraries	Essential Python libraries and frameworks for Machine Learning development and deployment.	fas fa-code	2	2025-06-20 18:37:00.817563-04	2025-06-20 18:37:00.817576-04
8	Machine Learning	ml	Core Machine Learning concepts, algorithms, model evaluation, and best practices.	fas fa-robot	3	2025-06-20 18:37:00.818636-04	2025-06-20 18:37:00.818643-04
9	Deep Learning	deep-learning	Neural networks, deep architectures, optimization techniques, and advanced deep learning concepts.	fas fa-network-wired	4	2025-06-20 18:37:00.819607-04	2025-06-20 18:37:00.819613-04
10	NLP	nlp	Natural Language Processing techniques, models, and applications for text and speech processing.	fas fa-language	5	2025-06-20 18:37:00.820826-04	2025-06-20 18:37:00.820835-04
\.


--
-- Data for Name: ml_deep_dives_topic; Type: TABLE DATA; Schema: public; Owner: mlinterviews
--

COPY public.ml_deep_dives_topic (id, title, slug, content, summary, difficulty, tags, "order", is_published, created_at, updated_at, category_id) FROM stdin;
50	Linear Algebra	math-linear-algebra	Content coming soon...	Comprehensive guide to linear algebra for machine learning applications.	intermediate	vectors, matrices, eigenvalues, SVD	1	t	2025-06-20 18:37:00.822595-04	2025-06-20 18:37:00.8226-04	6
51	Calculus	math-calculus	Content coming soon...	Comprehensive guide to calculus for machine learning applications.	intermediate	derivatives, gradients, optimization	2	t	2025-06-20 18:37:00.824068-04	2025-06-20 18:37:00.824072-04	6
52	Probability & Statistics	math-probability-statistics	Content coming soon...	Comprehensive guide to probability & statistics for machine learning applications.	intermediate	probability, distributions, MLE, hypothesis testing	3	t	2025-06-20 18:37:00.826857-04	2025-06-20 18:37:00.826862-04	6
53	Optimization Techniques	math-optimization	Content coming soon...	Comprehensive guide to optimization techniques for machine learning applications.	advanced	convex optimization, gradient descent, SGD	4	t	2025-06-20 18:37:00.828147-04	2025-06-20 18:37:00.828152-04	6
54	Discrete Mathematics	math-discrete-math	Content coming soon...	Comprehensive guide to discrete mathematics for machine learning applications.	intermediate	combinatorics, graph theory, networks	5	t	2025-06-20 18:37:00.829592-04	2025-06-20 18:37:00.829597-04	6
55	TensorFlow	lib-tensorflow	Content coming soon...	Complete guide to tensorflow for machine learning development.	intermediate	deep learning, neural networks, keras	1	t	2025-06-20 18:37:00.831006-04	2025-06-20 18:37:00.83101-04	7
56	PyTorch	lib-pytorch	Content coming soon...	Complete guide to pytorch for machine learning development.	intermediate	deep learning, dynamic graphs, autograd	2	t	2025-06-20 18:37:00.832784-04	2025-06-20 18:37:00.832806-04	7
57	Scikit-learn	lib-scikit-learn	Content coming soon...	Complete guide to scikit-learn for machine learning development.	beginner	machine learning, algorithms, preprocessing	3	t	2025-06-20 18:37:00.837192-04	2025-06-20 18:37:00.837203-04	7
58	Pandas & NumPy	lib-pandas-numpy	Content coming soon...	Complete guide to pandas & numpy for machine learning development.	beginner	data manipulation, arrays, dataframes	4	t	2025-06-20 18:37:00.839734-04	2025-06-20 18:37:00.839742-04	7
59	Visualization	lib-visualization	Content coming soon...	Complete guide to visualization for machine learning development.	beginner	matplotlib, seaborn, plotting	5	t	2025-06-20 18:37:00.841102-04	2025-06-20 18:37:00.84111-04	7
60	Boosting Libraries	lib-boosting	Content coming soon...	Complete guide to boosting libraries for machine learning development.	intermediate	xgboost, lightgbm, catboost	6	t	2025-06-20 18:37:00.842506-04	2025-06-20 18:37:00.84256-04	7
61	Types of ML	ml-types	Content coming soon...	Essential concepts in types of ml for machine learning practitioners.	beginner	supervised, unsupervised, reinforcement learning	1	t	2025-06-20 18:37:00.847896-04	2025-06-20 18:37:00.847915-04	8
62	ML Algorithms	ml-algorithms	Content coming soon...	Essential concepts in ml algorithms for machine learning practitioners.	intermediate	regression, classification, clustering	2	t	2025-06-20 18:37:00.8618-04	2025-06-20 18:37:00.861816-04	8
63	Model Evaluation	ml-model-evaluation	Content coming soon...	Essential concepts in model evaluation for machine learning practitioners.	intermediate	cross-validation, metrics, confusion matrix	3	t	2025-06-20 18:37:00.863905-04	2025-06-20 18:37:00.863913-04	8
64	Feature Engineering	ml-feature-engineering	Content coming soon...	Essential concepts in feature engineering for machine learning practitioners.	intermediate	feature selection, scaling, normalization	4	t	2025-06-20 18:37:00.87648-04	2025-06-20 18:37:00.876489-04	8
65	Hyperparameter Tuning	ml-hyperparameter-tuning	Content coming soon...	Essential concepts in hyperparameter tuning for machine learning practitioners.	advanced	grid search, random search, bayesian optimization	5	t	2025-06-20 18:37:00.878047-04	2025-06-20 18:37:00.878055-04	8
66	Ethics in ML	ml-ethics	Content coming soon...	Essential concepts in ethics in ml for machine learning practitioners.	intermediate	bias, fairness, explainable AI	6	t	2025-06-20 18:37:00.879278-04	2025-06-20 18:37:00.87929-04	8
67	Neural Networks	dl-neural-networks	Content coming soon...	Advanced concepts in neural networks for deep learning applications.	intermediate	feedforward, backpropagation, activation functions	1	t	2025-06-20 18:37:00.881023-04	2025-06-20 18:37:00.881029-04	9
68	Deep Architectures	dl-deep-architectures	Content coming soon...	Advanced concepts in deep architectures for deep learning applications.	advanced	CNNs, RNNs, LSTM, GRU	2	t	2025-06-20 18:37:00.882183-04	2025-06-20 18:37:00.882188-04	9
69	Optimization Techniques	dl-optimization	Content coming soon...	Advanced concepts in optimization techniques for deep learning applications.	advanced	SGD, Adam, learning rate scheduling	3	t	2025-06-20 18:37:00.883361-04	2025-06-20 18:37:00.883367-04	9
70	Transfer Learning	dl-transfer-learning	Content coming soon...	Advanced concepts in transfer learning for deep learning applications.	intermediate	pretrained models, fine-tuning	4	t	2025-06-20 18:37:00.88491-04	2025-06-20 18:37:00.884919-04	9
71	Generative Models	dl-generative-models	Content coming soon...	Advanced concepts in generative models for deep learning applications.	advanced	GANs, VAEs, generative AI	5	t	2025-06-20 18:37:00.885997-04	2025-06-20 18:37:00.886002-04	9
72	Deep Reinforcement Learning	dl-deep-rl	Content coming soon...	Advanced concepts in deep reinforcement learning for deep learning applications.	advanced	Q-learning, policy gradients, DQN	6	t	2025-06-20 18:37:00.887015-04	2025-06-20 18:37:00.887021-04	9
73	Text Preprocessing	nlp-text-preprocessing	Content coming soon...	Natural language processing techniques for text preprocessing.	beginner	tokenization, stemming, lemmatization	1	t	2025-06-20 18:37:00.88839-04	2025-06-20 18:37:00.888394-04	10
74	Language Models	nlp-language-models	Content coming soon...	Natural language processing techniques for language models.	advanced	n-grams, transformers, BERT, GPT	2	t	2025-06-20 18:37:00.889561-04	2025-06-20 18:37:00.889568-04	10
75	Text Classification	nlp-text-classification	Content coming soon...	Natural language processing techniques for text classification.	intermediate	sentiment analysis, NER, spam detection	3	t	2025-06-20 18:37:00.890542-04	2025-06-20 18:37:00.890546-04	10
76	Machine Translation	nlp-machine-translation	Content coming soon...	Natural language processing techniques for machine translation.	advanced	sequence-to-sequence, attention mechanism	4	t	2025-06-20 18:37:00.891656-04	2025-06-20 18:37:00.891662-04	10
77	Speech Recognition	nlp-speech-recognition	Content coming soon...	Natural language processing techniques for speech recognition.	advanced	phoneme recognition, speech-to-text	5	t	2025-06-20 18:37:00.892953-04	2025-06-20 18:37:00.892957-04	10
78	Text Generation	nlp-text-generation	Content coming soon...	Natural language processing techniques for text generation.	advanced	language generation, text summarization	6	t	2025-06-20 18:37:00.894146-04	2025-06-20 18:37:00.89415-04	10
\.


--
-- Data for Name: question_answer_question; Type: TABLE DATA; Schema: public; Owner: mlinterviews
--

COPY public.question_answer_question (id, question_text, slug, answer, explanation, code_example, difficulty, question_type, tags, "order", is_published, created_at, updated_at, category_id) FROM stdin;
\.


--
-- Data for Name: question_answer_questioncategory; Type: TABLE DATA; Schema: public; Owner: mlinterviews
--

COPY public.question_answer_questioncategory (id, name, slug, description, icon, "order", created_at, updated_at) FROM stdin;
\.


--
-- Data for Name: system_design_systemdesign; Type: TABLE DATA; Schema: public; Owner: mlinterviews
--

COPY public.system_design_systemdesign (id, title, slug, problem_statement, solution_overview, architecture_diagram, key_components, scalability_considerations, trade_offs, difficulty, tags, "order", is_published, created_at, updated_at, category_id) FROM stdin;
\.


--
-- Data for Name: system_design_systemdesigncategory; Type: TABLE DATA; Schema: public; Owner: mlinterviews
--

COPY public.system_design_systemdesigncategory (id, name, slug, description, icon, "order", created_at, updated_at) FROM stdin;
\.


--
-- Name: auth_group_id_seq; Type: SEQUENCE SET; Schema: public; Owner: mlinterviews
--

SELECT pg_catalog.setval('public.auth_group_id_seq', 1, false);


--
-- Name: auth_group_permissions_id_seq; Type: SEQUENCE SET; Schema: public; Owner: mlinterviews
--

SELECT pg_catalog.setval('public.auth_group_permissions_id_seq', 1, false);


--
-- Name: auth_permission_id_seq; Type: SEQUENCE SET; Schema: public; Owner: mlinterviews
--

SELECT pg_catalog.setval('public.auth_permission_id_seq', 48, true);


--
-- Name: auth_user_groups_id_seq; Type: SEQUENCE SET; Schema: public; Owner: mlinterviews
--

SELECT pg_catalog.setval('public.auth_user_groups_id_seq', 1, false);


--
-- Name: auth_user_id_seq; Type: SEQUENCE SET; Schema: public; Owner: mlinterviews
--

SELECT pg_catalog.setval('public.auth_user_id_seq', 1, true);


--
-- Name: auth_user_user_permissions_id_seq; Type: SEQUENCE SET; Schema: public; Owner: mlinterviews
--

SELECT pg_catalog.setval('public.auth_user_user_permissions_id_seq', 1, false);


--
-- Name: django_admin_log_id_seq; Type: SEQUENCE SET; Schema: public; Owner: mlinterviews
--

SELECT pg_catalog.setval('public.django_admin_log_id_seq', 1, false);


--
-- Name: django_content_type_id_seq; Type: SEQUENCE SET; Schema: public; Owner: mlinterviews
--

SELECT pg_catalog.setval('public.django_content_type_id_seq', 12, true);


--
-- Name: django_migrations_id_seq; Type: SEQUENCE SET; Schema: public; Owner: mlinterviews
--

SELECT pg_catalog.setval('public.django_migrations_id_seq', 21, true);


--
-- Name: ml_deep_dives_category_id_seq; Type: SEQUENCE SET; Schema: public; Owner: mlinterviews
--

SELECT pg_catalog.setval('public.ml_deep_dives_category_id_seq', 10, true);


--
-- Name: ml_deep_dives_topic_id_seq; Type: SEQUENCE SET; Schema: public; Owner: mlinterviews
--

SELECT pg_catalog.setval('public.ml_deep_dives_topic_id_seq', 78, true);


--
-- Name: question_answer_question_id_seq; Type: SEQUENCE SET; Schema: public; Owner: mlinterviews
--

SELECT pg_catalog.setval('public.question_answer_question_id_seq', 1, false);


--
-- Name: question_answer_questioncategory_id_seq; Type: SEQUENCE SET; Schema: public; Owner: mlinterviews
--

SELECT pg_catalog.setval('public.question_answer_questioncategory_id_seq', 1, false);


--
-- Name: system_design_systemdesign_id_seq; Type: SEQUENCE SET; Schema: public; Owner: mlinterviews
--

SELECT pg_catalog.setval('public.system_design_systemdesign_id_seq', 1, false);


--
-- Name: system_design_systemdesigncategory_id_seq; Type: SEQUENCE SET; Schema: public; Owner: mlinterviews
--

SELECT pg_catalog.setval('public.system_design_systemdesigncategory_id_seq', 1, false);


--
-- Name: auth_group auth_group_name_key; Type: CONSTRAINT; Schema: public; Owner: mlinterviews
--

ALTER TABLE ONLY public.auth_group
    ADD CONSTRAINT auth_group_name_key UNIQUE (name);


--
-- Name: auth_group_permissions auth_group_permissions_group_id_permission_id_0cd325b0_uniq; Type: CONSTRAINT; Schema: public; Owner: mlinterviews
--

ALTER TABLE ONLY public.auth_group_permissions
    ADD CONSTRAINT auth_group_permissions_group_id_permission_id_0cd325b0_uniq UNIQUE (group_id, permission_id);


--
-- Name: auth_group_permissions auth_group_permissions_pkey; Type: CONSTRAINT; Schema: public; Owner: mlinterviews
--

ALTER TABLE ONLY public.auth_group_permissions
    ADD CONSTRAINT auth_group_permissions_pkey PRIMARY KEY (id);


--
-- Name: auth_group auth_group_pkey; Type: CONSTRAINT; Schema: public; Owner: mlinterviews
--

ALTER TABLE ONLY public.auth_group
    ADD CONSTRAINT auth_group_pkey PRIMARY KEY (id);


--
-- Name: auth_permission auth_permission_content_type_id_codename_01ab375a_uniq; Type: CONSTRAINT; Schema: public; Owner: mlinterviews
--

ALTER TABLE ONLY public.auth_permission
    ADD CONSTRAINT auth_permission_content_type_id_codename_01ab375a_uniq UNIQUE (content_type_id, codename);


--
-- Name: auth_permission auth_permission_pkey; Type: CONSTRAINT; Schema: public; Owner: mlinterviews
--

ALTER TABLE ONLY public.auth_permission
    ADD CONSTRAINT auth_permission_pkey PRIMARY KEY (id);


--
-- Name: auth_user_groups auth_user_groups_pkey; Type: CONSTRAINT; Schema: public; Owner: mlinterviews
--

ALTER TABLE ONLY public.auth_user_groups
    ADD CONSTRAINT auth_user_groups_pkey PRIMARY KEY (id);


--
-- Name: auth_user_groups auth_user_groups_user_id_group_id_94350c0c_uniq; Type: CONSTRAINT; Schema: public; Owner: mlinterviews
--

ALTER TABLE ONLY public.auth_user_groups
    ADD CONSTRAINT auth_user_groups_user_id_group_id_94350c0c_uniq UNIQUE (user_id, group_id);


--
-- Name: auth_user auth_user_pkey; Type: CONSTRAINT; Schema: public; Owner: mlinterviews
--

ALTER TABLE ONLY public.auth_user
    ADD CONSTRAINT auth_user_pkey PRIMARY KEY (id);


--
-- Name: auth_user_user_permissions auth_user_user_permissions_pkey; Type: CONSTRAINT; Schema: public; Owner: mlinterviews
--

ALTER TABLE ONLY public.auth_user_user_permissions
    ADD CONSTRAINT auth_user_user_permissions_pkey PRIMARY KEY (id);


--
-- Name: auth_user_user_permissions auth_user_user_permissions_user_id_permission_id_14a6b632_uniq; Type: CONSTRAINT; Schema: public; Owner: mlinterviews
--

ALTER TABLE ONLY public.auth_user_user_permissions
    ADD CONSTRAINT auth_user_user_permissions_user_id_permission_id_14a6b632_uniq UNIQUE (user_id, permission_id);


--
-- Name: auth_user auth_user_username_key; Type: CONSTRAINT; Schema: public; Owner: mlinterviews
--

ALTER TABLE ONLY public.auth_user
    ADD CONSTRAINT auth_user_username_key UNIQUE (username);


--
-- Name: django_admin_log django_admin_log_pkey; Type: CONSTRAINT; Schema: public; Owner: mlinterviews
--

ALTER TABLE ONLY public.django_admin_log
    ADD CONSTRAINT django_admin_log_pkey PRIMARY KEY (id);


--
-- Name: django_content_type django_content_type_app_label_model_76bd3d3b_uniq; Type: CONSTRAINT; Schema: public; Owner: mlinterviews
--

ALTER TABLE ONLY public.django_content_type
    ADD CONSTRAINT django_content_type_app_label_model_76bd3d3b_uniq UNIQUE (app_label, model);


--
-- Name: django_content_type django_content_type_pkey; Type: CONSTRAINT; Schema: public; Owner: mlinterviews
--

ALTER TABLE ONLY public.django_content_type
    ADD CONSTRAINT django_content_type_pkey PRIMARY KEY (id);


--
-- Name: django_migrations django_migrations_pkey; Type: CONSTRAINT; Schema: public; Owner: mlinterviews
--

ALTER TABLE ONLY public.django_migrations
    ADD CONSTRAINT django_migrations_pkey PRIMARY KEY (id);


--
-- Name: django_session django_session_pkey; Type: CONSTRAINT; Schema: public; Owner: mlinterviews
--

ALTER TABLE ONLY public.django_session
    ADD CONSTRAINT django_session_pkey PRIMARY KEY (session_key);


--
-- Name: ml_deep_dives_category ml_deep_dives_category_name_key; Type: CONSTRAINT; Schema: public; Owner: mlinterviews
--

ALTER TABLE ONLY public.ml_deep_dives_category
    ADD CONSTRAINT ml_deep_dives_category_name_key UNIQUE (name);


--
-- Name: ml_deep_dives_category ml_deep_dives_category_pkey; Type: CONSTRAINT; Schema: public; Owner: mlinterviews
--

ALTER TABLE ONLY public.ml_deep_dives_category
    ADD CONSTRAINT ml_deep_dives_category_pkey PRIMARY KEY (id);


--
-- Name: ml_deep_dives_category ml_deep_dives_category_slug_key; Type: CONSTRAINT; Schema: public; Owner: mlinterviews
--

ALTER TABLE ONLY public.ml_deep_dives_category
    ADD CONSTRAINT ml_deep_dives_category_slug_key UNIQUE (slug);


--
-- Name: ml_deep_dives_topic ml_deep_dives_topic_category_id_slug_a5fc9955_uniq; Type: CONSTRAINT; Schema: public; Owner: mlinterviews
--

ALTER TABLE ONLY public.ml_deep_dives_topic
    ADD CONSTRAINT ml_deep_dives_topic_category_id_slug_a5fc9955_uniq UNIQUE (category_id, slug);


--
-- Name: ml_deep_dives_topic ml_deep_dives_topic_pkey; Type: CONSTRAINT; Schema: public; Owner: mlinterviews
--

ALTER TABLE ONLY public.ml_deep_dives_topic
    ADD CONSTRAINT ml_deep_dives_topic_pkey PRIMARY KEY (id);


--
-- Name: ml_deep_dives_topic ml_deep_dives_topic_slug_key; Type: CONSTRAINT; Schema: public; Owner: mlinterviews
--

ALTER TABLE ONLY public.ml_deep_dives_topic
    ADD CONSTRAINT ml_deep_dives_topic_slug_key UNIQUE (slug);


--
-- Name: question_answer_question question_answer_question_category_id_slug_25117bce_uniq; Type: CONSTRAINT; Schema: public; Owner: mlinterviews
--

ALTER TABLE ONLY public.question_answer_question
    ADD CONSTRAINT question_answer_question_category_id_slug_25117bce_uniq UNIQUE (category_id, slug);


--
-- Name: question_answer_question question_answer_question_pkey; Type: CONSTRAINT; Schema: public; Owner: mlinterviews
--

ALTER TABLE ONLY public.question_answer_question
    ADD CONSTRAINT question_answer_question_pkey PRIMARY KEY (id);


--
-- Name: question_answer_question question_answer_question_slug_key; Type: CONSTRAINT; Schema: public; Owner: mlinterviews
--

ALTER TABLE ONLY public.question_answer_question
    ADD CONSTRAINT question_answer_question_slug_key UNIQUE (slug);


--
-- Name: question_answer_questioncategory question_answer_questioncategory_name_key; Type: CONSTRAINT; Schema: public; Owner: mlinterviews
--

ALTER TABLE ONLY public.question_answer_questioncategory
    ADD CONSTRAINT question_answer_questioncategory_name_key UNIQUE (name);


--
-- Name: question_answer_questioncategory question_answer_questioncategory_pkey; Type: CONSTRAINT; Schema: public; Owner: mlinterviews
--

ALTER TABLE ONLY public.question_answer_questioncategory
    ADD CONSTRAINT question_answer_questioncategory_pkey PRIMARY KEY (id);


--
-- Name: question_answer_questioncategory question_answer_questioncategory_slug_key; Type: CONSTRAINT; Schema: public; Owner: mlinterviews
--

ALTER TABLE ONLY public.question_answer_questioncategory
    ADD CONSTRAINT question_answer_questioncategory_slug_key UNIQUE (slug);


--
-- Name: system_design_systemdesign system_design_systemdesign_category_id_slug_afc0c015_uniq; Type: CONSTRAINT; Schema: public; Owner: mlinterviews
--

ALTER TABLE ONLY public.system_design_systemdesign
    ADD CONSTRAINT system_design_systemdesign_category_id_slug_afc0c015_uniq UNIQUE (category_id, slug);


--
-- Name: system_design_systemdesign system_design_systemdesign_pkey; Type: CONSTRAINT; Schema: public; Owner: mlinterviews
--

ALTER TABLE ONLY public.system_design_systemdesign
    ADD CONSTRAINT system_design_systemdesign_pkey PRIMARY KEY (id);


--
-- Name: system_design_systemdesign system_design_systemdesign_slug_key; Type: CONSTRAINT; Schema: public; Owner: mlinterviews
--

ALTER TABLE ONLY public.system_design_systemdesign
    ADD CONSTRAINT system_design_systemdesign_slug_key UNIQUE (slug);


--
-- Name: system_design_systemdesigncategory system_design_systemdesigncategory_name_key; Type: CONSTRAINT; Schema: public; Owner: mlinterviews
--

ALTER TABLE ONLY public.system_design_systemdesigncategory
    ADD CONSTRAINT system_design_systemdesigncategory_name_key UNIQUE (name);


--
-- Name: system_design_systemdesigncategory system_design_systemdesigncategory_pkey; Type: CONSTRAINT; Schema: public; Owner: mlinterviews
--

ALTER TABLE ONLY public.system_design_systemdesigncategory
    ADD CONSTRAINT system_design_systemdesigncategory_pkey PRIMARY KEY (id);


--
-- Name: system_design_systemdesigncategory system_design_systemdesigncategory_slug_key; Type: CONSTRAINT; Schema: public; Owner: mlinterviews
--

ALTER TABLE ONLY public.system_design_systemdesigncategory
    ADD CONSTRAINT system_design_systemdesigncategory_slug_key UNIQUE (slug);


--
-- Name: auth_group_name_a6ea08ec_like; Type: INDEX; Schema: public; Owner: mlinterviews
--

CREATE INDEX auth_group_name_a6ea08ec_like ON public.auth_group USING btree (name varchar_pattern_ops);


--
-- Name: auth_group_permissions_group_id_b120cbf9; Type: INDEX; Schema: public; Owner: mlinterviews
--

CREATE INDEX auth_group_permissions_group_id_b120cbf9 ON public.auth_group_permissions USING btree (group_id);


--
-- Name: auth_group_permissions_permission_id_84c5c92e; Type: INDEX; Schema: public; Owner: mlinterviews
--

CREATE INDEX auth_group_permissions_permission_id_84c5c92e ON public.auth_group_permissions USING btree (permission_id);


--
-- Name: auth_permission_content_type_id_2f476e4b; Type: INDEX; Schema: public; Owner: mlinterviews
--

CREATE INDEX auth_permission_content_type_id_2f476e4b ON public.auth_permission USING btree (content_type_id);


--
-- Name: auth_user_groups_group_id_97559544; Type: INDEX; Schema: public; Owner: mlinterviews
--

CREATE INDEX auth_user_groups_group_id_97559544 ON public.auth_user_groups USING btree (group_id);


--
-- Name: auth_user_groups_user_id_6a12ed8b; Type: INDEX; Schema: public; Owner: mlinterviews
--

CREATE INDEX auth_user_groups_user_id_6a12ed8b ON public.auth_user_groups USING btree (user_id);


--
-- Name: auth_user_user_permissions_permission_id_1fbb5f2c; Type: INDEX; Schema: public; Owner: mlinterviews
--

CREATE INDEX auth_user_user_permissions_permission_id_1fbb5f2c ON public.auth_user_user_permissions USING btree (permission_id);


--
-- Name: auth_user_user_permissions_user_id_a95ead1b; Type: INDEX; Schema: public; Owner: mlinterviews
--

CREATE INDEX auth_user_user_permissions_user_id_a95ead1b ON public.auth_user_user_permissions USING btree (user_id);


--
-- Name: auth_user_username_6821ab7c_like; Type: INDEX; Schema: public; Owner: mlinterviews
--

CREATE INDEX auth_user_username_6821ab7c_like ON public.auth_user USING btree (username varchar_pattern_ops);


--
-- Name: django_admin_log_content_type_id_c4bce8eb; Type: INDEX; Schema: public; Owner: mlinterviews
--

CREATE INDEX django_admin_log_content_type_id_c4bce8eb ON public.django_admin_log USING btree (content_type_id);


--
-- Name: django_admin_log_user_id_c564eba6; Type: INDEX; Schema: public; Owner: mlinterviews
--

CREATE INDEX django_admin_log_user_id_c564eba6 ON public.django_admin_log USING btree (user_id);


--
-- Name: django_session_expire_date_a5c62663; Type: INDEX; Schema: public; Owner: mlinterviews
--

CREATE INDEX django_session_expire_date_a5c62663 ON public.django_session USING btree (expire_date);


--
-- Name: django_session_session_key_c0390e0f_like; Type: INDEX; Schema: public; Owner: mlinterviews
--

CREATE INDEX django_session_session_key_c0390e0f_like ON public.django_session USING btree (session_key varchar_pattern_ops);


--
-- Name: ml_deep_dives_category_name_53d86e11_like; Type: INDEX; Schema: public; Owner: mlinterviews
--

CREATE INDEX ml_deep_dives_category_name_53d86e11_like ON public.ml_deep_dives_category USING btree (name varchar_pattern_ops);


--
-- Name: ml_deep_dives_category_slug_029b5279_like; Type: INDEX; Schema: public; Owner: mlinterviews
--

CREATE INDEX ml_deep_dives_category_slug_029b5279_like ON public.ml_deep_dives_category USING btree (slug varchar_pattern_ops);


--
-- Name: ml_deep_dives_topic_category_id_86aa824c; Type: INDEX; Schema: public; Owner: mlinterviews
--

CREATE INDEX ml_deep_dives_topic_category_id_86aa824c ON public.ml_deep_dives_topic USING btree (category_id);


--
-- Name: ml_deep_dives_topic_slug_2bc1bbc7_like; Type: INDEX; Schema: public; Owner: mlinterviews
--

CREATE INDEX ml_deep_dives_topic_slug_2bc1bbc7_like ON public.ml_deep_dives_topic USING btree (slug varchar_pattern_ops);


--
-- Name: question_answer_question_category_id_c636b0d6; Type: INDEX; Schema: public; Owner: mlinterviews
--

CREATE INDEX question_answer_question_category_id_c636b0d6 ON public.question_answer_question USING btree (category_id);


--
-- Name: question_answer_question_slug_ef20a0f2_like; Type: INDEX; Schema: public; Owner: mlinterviews
--

CREATE INDEX question_answer_question_slug_ef20a0f2_like ON public.question_answer_question USING btree (slug varchar_pattern_ops);


--
-- Name: question_answer_questioncategory_name_75e97931_like; Type: INDEX; Schema: public; Owner: mlinterviews
--

CREATE INDEX question_answer_questioncategory_name_75e97931_like ON public.question_answer_questioncategory USING btree (name varchar_pattern_ops);


--
-- Name: question_answer_questioncategory_slug_701682c3_like; Type: INDEX; Schema: public; Owner: mlinterviews
--

CREATE INDEX question_answer_questioncategory_slug_701682c3_like ON public.question_answer_questioncategory USING btree (slug varchar_pattern_ops);


--
-- Name: system_design_systemdesign_category_id_b688592e; Type: INDEX; Schema: public; Owner: mlinterviews
--

CREATE INDEX system_design_systemdesign_category_id_b688592e ON public.system_design_systemdesign USING btree (category_id);


--
-- Name: system_design_systemdesign_slug_3bd7c37a_like; Type: INDEX; Schema: public; Owner: mlinterviews
--

CREATE INDEX system_design_systemdesign_slug_3bd7c37a_like ON public.system_design_systemdesign USING btree (slug varchar_pattern_ops);


--
-- Name: system_design_systemdesigncategory_name_59eea03c_like; Type: INDEX; Schema: public; Owner: mlinterviews
--

CREATE INDEX system_design_systemdesigncategory_name_59eea03c_like ON public.system_design_systemdesigncategory USING btree (name varchar_pattern_ops);


--
-- Name: system_design_systemdesigncategory_slug_258b1fb1_like; Type: INDEX; Schema: public; Owner: mlinterviews
--

CREATE INDEX system_design_systemdesigncategory_slug_258b1fb1_like ON public.system_design_systemdesigncategory USING btree (slug varchar_pattern_ops);


--
-- Name: auth_group_permissions auth_group_permissio_permission_id_84c5c92e_fk_auth_perm; Type: FK CONSTRAINT; Schema: public; Owner: mlinterviews
--

ALTER TABLE ONLY public.auth_group_permissions
    ADD CONSTRAINT auth_group_permissio_permission_id_84c5c92e_fk_auth_perm FOREIGN KEY (permission_id) REFERENCES public.auth_permission(id) DEFERRABLE INITIALLY DEFERRED;


--
-- Name: auth_group_permissions auth_group_permissions_group_id_b120cbf9_fk_auth_group_id; Type: FK CONSTRAINT; Schema: public; Owner: mlinterviews
--

ALTER TABLE ONLY public.auth_group_permissions
    ADD CONSTRAINT auth_group_permissions_group_id_b120cbf9_fk_auth_group_id FOREIGN KEY (group_id) REFERENCES public.auth_group(id) DEFERRABLE INITIALLY DEFERRED;


--
-- Name: auth_permission auth_permission_content_type_id_2f476e4b_fk_django_co; Type: FK CONSTRAINT; Schema: public; Owner: mlinterviews
--

ALTER TABLE ONLY public.auth_permission
    ADD CONSTRAINT auth_permission_content_type_id_2f476e4b_fk_django_co FOREIGN KEY (content_type_id) REFERENCES public.django_content_type(id) DEFERRABLE INITIALLY DEFERRED;


--
-- Name: auth_user_groups auth_user_groups_group_id_97559544_fk_auth_group_id; Type: FK CONSTRAINT; Schema: public; Owner: mlinterviews
--

ALTER TABLE ONLY public.auth_user_groups
    ADD CONSTRAINT auth_user_groups_group_id_97559544_fk_auth_group_id FOREIGN KEY (group_id) REFERENCES public.auth_group(id) DEFERRABLE INITIALLY DEFERRED;


--
-- Name: auth_user_groups auth_user_groups_user_id_6a12ed8b_fk_auth_user_id; Type: FK CONSTRAINT; Schema: public; Owner: mlinterviews
--

ALTER TABLE ONLY public.auth_user_groups
    ADD CONSTRAINT auth_user_groups_user_id_6a12ed8b_fk_auth_user_id FOREIGN KEY (user_id) REFERENCES public.auth_user(id) DEFERRABLE INITIALLY DEFERRED;


--
-- Name: auth_user_user_permissions auth_user_user_permi_permission_id_1fbb5f2c_fk_auth_perm; Type: FK CONSTRAINT; Schema: public; Owner: mlinterviews
--

ALTER TABLE ONLY public.auth_user_user_permissions
    ADD CONSTRAINT auth_user_user_permi_permission_id_1fbb5f2c_fk_auth_perm FOREIGN KEY (permission_id) REFERENCES public.auth_permission(id) DEFERRABLE INITIALLY DEFERRED;


--
-- Name: auth_user_user_permissions auth_user_user_permissions_user_id_a95ead1b_fk_auth_user_id; Type: FK CONSTRAINT; Schema: public; Owner: mlinterviews
--

ALTER TABLE ONLY public.auth_user_user_permissions
    ADD CONSTRAINT auth_user_user_permissions_user_id_a95ead1b_fk_auth_user_id FOREIGN KEY (user_id) REFERENCES public.auth_user(id) DEFERRABLE INITIALLY DEFERRED;


--
-- Name: django_admin_log django_admin_log_content_type_id_c4bce8eb_fk_django_co; Type: FK CONSTRAINT; Schema: public; Owner: mlinterviews
--

ALTER TABLE ONLY public.django_admin_log
    ADD CONSTRAINT django_admin_log_content_type_id_c4bce8eb_fk_django_co FOREIGN KEY (content_type_id) REFERENCES public.django_content_type(id) DEFERRABLE INITIALLY DEFERRED;


--
-- Name: django_admin_log django_admin_log_user_id_c564eba6_fk_auth_user_id; Type: FK CONSTRAINT; Schema: public; Owner: mlinterviews
--

ALTER TABLE ONLY public.django_admin_log
    ADD CONSTRAINT django_admin_log_user_id_c564eba6_fk_auth_user_id FOREIGN KEY (user_id) REFERENCES public.auth_user(id) DEFERRABLE INITIALLY DEFERRED;


--
-- Name: ml_deep_dives_topic ml_deep_dives_topic_category_id_86aa824c_fk_ml_deep_d; Type: FK CONSTRAINT; Schema: public; Owner: mlinterviews
--

ALTER TABLE ONLY public.ml_deep_dives_topic
    ADD CONSTRAINT ml_deep_dives_topic_category_id_86aa824c_fk_ml_deep_d FOREIGN KEY (category_id) REFERENCES public.ml_deep_dives_category(id) DEFERRABLE INITIALLY DEFERRED;


--
-- Name: question_answer_question question_answer_ques_category_id_c636b0d6_fk_question_; Type: FK CONSTRAINT; Schema: public; Owner: mlinterviews
--

ALTER TABLE ONLY public.question_answer_question
    ADD CONSTRAINT question_answer_ques_category_id_c636b0d6_fk_question_ FOREIGN KEY (category_id) REFERENCES public.question_answer_questioncategory(id) DEFERRABLE INITIALLY DEFERRED;


--
-- Name: system_design_systemdesign system_design_system_category_id_b688592e_fk_system_de; Type: FK CONSTRAINT; Schema: public; Owner: mlinterviews
--

ALTER TABLE ONLY public.system_design_systemdesign
    ADD CONSTRAINT system_design_system_category_id_b688592e_fk_system_de FOREIGN KEY (category_id) REFERENCES public.system_design_systemdesigncategory(id) DEFERRABLE INITIALLY DEFERRED;


--
-- PostgreSQL database dump complete
--

